{
  "best_absrel": 0.07238453624045683,
  "best_rmse": 0.2925324800113837,
  "best_epoch_absrel": 15,
  "best_epoch_rmse": 15,
  "final_val_metrics": {
    "absrel": 0.07380526532263805,
    "rmse": 0.30011343650726807,
    "delta1": 0.9546417937510543,
    "delta2": 0.9928483039968543,
    "delta3": 0.9988353935380777
  },
  "total_training_time": 2807.491324186325,
  "finetuning": {
    "strategy": "partial",
    "parameter_counts": {
      "total": 97470785,
      "trainable": 39247937,
      "frozen": 58222848
    },
    "head_prefixes": [
      "pretrained.head.",
      "depth_head."
    ],
    "encoder_prefixes": [
      "pretrained."
    ],
    "unfrozen_encoder_prefixes": [
      "pretrained.blocks.8.",
      "pretrained.blocks.9.",
      "pretrained.blocks.10.",
      "pretrained.blocks.11."
    ]
  }
}